id,sess_id,story_id,role,content
1,0,119,user,whats the moral of the story?
2,0,119,assistant,"The moral of the story is to be kind, brave, and accepting. It teaches us that even small acts of kindness can have a big impact on others. It also shows us that it's important to treat everyone with respect and understanding, no matter how different they may be from us."
3,0,21,user,hello how are you
4,0,21,assistant,"Hello! I'm an AI assistant, so I don't have feelings, but I'm here to help you. How can I assist you with the story of Hanuman in the enchanted forest?"
5,0,22,user,What is cricket
6,0,22,assistant,"Cricket is a popular sport that is played with a bat and ball. It is usually played between two teams, with each team taking turns to bat and field. The objective of the game is for the batting team to score as many runs as possible by hitting the ball and running between two sets of wooden stumps called ""wickets."" The fielding team tries to get the batsmen out by hitting the stumps with the ball, catching the ball in the air, or running out the batsman before they reach the wicket. Cricket is played on a grass field, and the game can last for several hours or even several days, depending on the format being played."
7,0,22,user,what is your name
8,0,22,assistant,"I don't have a name, but you can just call me the AI assistant. How can I assist you today?"
9,0,22,user,what is your name
10,0,22,assistant,"As an AI assistant, I don't have a personal name. I'm here to answer your questions and help you. How can I assist you with the story of Hanuman in the enchanted forest?"
11,0,22,user,what all are the rules of cricket
12,0,22,assistant,"Sure! Here are some basic rules of cricket:

1. Teams: Cricket is played between two teams, each consisting of 11 players.

2. Toss: Before the match begins, a coin is tossed to decide which team will have the opportunity to bat or bowl first.

3. Innings: The game is divided into innings, where each team gets a turn to bat and a turn to bowl.

4. Batting: The batting team aims to score runs by hitting the ball and running between the wickets. They score runs by running to the opposite end of the pitch or by hitting the ball beyond the boundary for a boundary or a six.

5. Bowling: The bowling team tries to dismiss the batsmen by bowling the ball and hitting the wickets or by catching the ball in the air. The bowlers take turns to bowl six deliveries each, known as an over.

6. Fielding: The fielding team tries to stop the batting team from scoring runs. Fielders can catch the ball, hit the stumps to run out batsmen, or try to stop the ball from reaching the boundary.

7. Umpires: The match is officiated by two umpires who make decisions regarding runs, dismissals, and other aspects of the game.

8. Decision Review System (DRS): In some matches, there is a provision for teams to challenge umpire's decisions using the Decision Review System, which involves the use of technology to review close calls.

These are just a few basic rules of cricket. There are many more specific rules and regulations that govern the game, but these should give you a good understanding to start with!"
13,0,22,user,how to play cricket
14,0,22,assistant,"To play cricket, you will need a few things:

1. Players: Cricket is usually played between two teams, and each team has 11 players.

2. Equipment: You will need a cricket bat, a ball, and a set of stumps. Stumps are three vertical wooden posts with two small bails placed on top.

3. Field: Find a cricket ground or an open space large enough to set up a pitch and have plenty of space for fielding.

Once you have gathered the necessary items, here is a simplified overview of how to play cricket:

1. Toss: Flip a coin to determine which team will have the first opportunity to bat or bowl.

2. Setting Up: Set up the stumps at each end of the pitch. The pitch is a rectangular area in the middle of the field.

3. Batting: One team sends two batsmen onto the field. The batsmen take turns facing the bowlers from the opposing team. The goal is to score runs by hitting the ball and running between the wickets.

4. Bowling: The bowler from the opposing team bowls the ball toward the batsman, aiming to hit the stumps or get the batsman out in some other way.

5. Fielding: The rest of the team spreads out across the field to catch the ball, try to get the batsman out, and prevent runs from being scored.

6. Scoring: The batting team scores runs by hitting the ball and running between the stumps. If the ball reaches the boundary without bouncing, it earns four runs, and if it goes beyond the boundary without touching the ground, it earns six runs.

7. Innings: Both teams get a turn to bat and bowl. The team that scores the most runs at the end of their innings wins the game.

This is a simplified explanation of how to play cricket. There are many more rules and strategies involved in the game, but this should give you a basic idea of how to get started. It's a fun and exciting game that requires teamwork, skill, and strategy."
15,0,23,user,what are the rules
16,0,23,assistant,"Cricket has a set of rules that govern how the game is played. Here are some key rules of cricket:

1. Innings: Each team gets a turn to bat and bowl. In international matches, each team usually gets two innings, while in shorter formats like T20, each team gets one inning.

2. Batting: The batting team aims to score runs by hitting the ball and running between the wickets. Batsmen can be dismissed in several ways, such as being bowled out (when the ball hits the stumps), caught out (when the fielder catches the ball before it touches the ground), run out (when the fielder hits the stumps with the ball before the batsman reaches the crease), or other methods like stumped and lbw.

3. Bowling: The bowler from the fielding team aims to get the batsmen out. The bowler must deliver the ball with a straight arm and within the rules specified for different formats of the game. The bowler can take a run-up before delivering the ball and can try various techniques to deceive the batsman.

4. Fielding: The fielding team's objective is to prevent the batting team from scoring runs and dismiss batsmen. Fielders can catch the ball, hit the stumps to get a run-out, run out a batsman, or attempt to stop the ball from reaching the boundary.

5. Umpires: The match is officiated by two on-field umpires who make decisions, enforce the rules, and ensure fair play. There is also a third umpire who uses technology to review close calls and assist the on-field umpires in decision-making.

6. Scoring: Runs are scored as the batsmen traverse between the creases. If the ball crosses the boundary without bouncing, it earns four runs, and if it goes beyond the boundary without touching the ground, it earns six runs.

7. Extras: Extras are runs awarded to the batting team without the batsmen hitting the ball. These can include wides (balls that are too far from the batsman's reach), no-balls (illegal deliveries), and byes (when the ball goes past the batsman without being hit).

8. Decision Review System (DRS): In some matches, there is a provision for teams to challenge umpires' decisions using the Decision Review System, which involves the use of technology to review close calls.

These are some of the basic rules of cricket, and there are additional regulations and nuances depending on the format being played. Cricket is a game that requires strategy, skill, and sportsmanship, and it is always important to play within the rules while enjoying the game."
17,0,23,user,what colour is a football
18,0,23,assistant,"A football, also known as a soccer ball, is typically black and white. It has alternating black pentagons and white hexagons, creating a pattern on the surface of the ball. However, it's important to note that footballs can come in various colors and designs, especially in different leagues, tournaments, or for promotional purposes. So, while the traditional football is black and white, you might come across footballs in other colors as well."
19,0,25,user,how many players can play it
20,0,25,assistant,"In a standard game of football (soccer), each team consists of 11 players on the field at a time. This includes one goalkeeper and ten outfield players. The total number of players on a football team may vary depending on the specific league, competition, or age group. However, in professional matches and most organized games, each team will have 11 players on the field."
21,0,30,user,whats the moral of the story
22,0,30,assistant,"The moral of the story is to think before you act and to consider the consequences of your actions. It teaches us to be cautious and not let curiosity get the best of us without considering the potential dangers or risks involved. The story encourages us to make wise choices and to be patient rather than rushing into something without thinking. By learning from Benny the bee's experience, we understand the importance of being mindful, thoughtful, and making good decisions in our own lives."
